[{"model": "contenttypes.contenttype", "pk": 1, "fields": {"app_label": "admin", "model": "logentry"}}, {"model": "contenttypes.contenttype", "pk": 2, "fields": {"app_label": "auth", "model": "permission"}}, {"model": "contenttypes.contenttype", "pk": 3, "fields": {"app_label": "auth", "model": "group"}}, {"model": "contenttypes.contenttype", "pk": 4, "fields": {"app_label": "auth", "model": "user"}}, {"model": "contenttypes.contenttype", "pk": 5, "fields": {"app_label": "contenttypes", "model": "contenttype"}}, {"model": "contenttypes.contenttype", "pk": 6, "fields": {"app_label": "sessions", "model": "session"}}, {"model": "contenttypes.contenttype", "pk": 7, "fields": {"app_label": "happy", "model": "customer"}}, {"model": "contenttypes.contenttype", "pk": 8, "fields": {"app_label": "happy", "model": "pet"}}, {"model": "contenttypes.contenttype", "pk": 9, "fields": {"app_label": "happy", "model": "petpictures"}}, {"model": "contenttypes.contenttype", "pk": 10, "fields": {"app_label": "happy", "model": "service"}}, {"model": "contenttypes.contenttype", "pk": 11, "fields": {"app_label": "happy", "model": "product"}}, {"model": "contenttypes.contenttype", "pk": 12, "fields": {"app_label": "happy", "model": "appointment"}}, {"model": "contenttypes.contenttype", "pk": 13, "fields": {"app_label": "happy", "model": "petbreed"}}, {"model": "sessions.session", "pk": "pkc1hrq5hij7cem8ewrkmy03xluzwx1r", "fields": {"session_data": "YTQxMWExNDM2MWMyNGQ1MmQ5ZjZjOWRjYzcxZDM5YWIzNzU2N2ZkMTp7Il9hdXRoX3VzZXJfaGFzaCI6ImJiMzk4NjRlZjg3MjU2YWEwZjY5ZTEwMTc1ZGZmZTU3Yjc2ZjNmM2MiLCJfYXV0aF91c2VyX2JhY2tlbmQiOiJkamFuZ28uY29udHJpYi5hdXRoLmJhY2tlbmRzLk1vZGVsQmFja2VuZCIsIl9hdXRoX3VzZXJfaWQiOiIxIn0=", "expire_date": "2016-05-08T17:02:28.223"}}, {"model": "sessions.session", "pk": "r22ff632gkd537y862ybr3d3kil8v0q2", "fields": {"session_data": "ZTZkYWVjZmNmN2RkOTA2NDk0YWUzOGU0M2Y2OTJhMWEzODhkOTcyMjp7Il9hdXRoX3VzZXJfaGFzaCI6ImM0YzZmNzkzZTU2ZmU5ZTRhNmIwMGQ0Y2IxN2VmMmRhZWNlNzU3MmMiLCJfYXV0aF91c2VyX2JhY2tlbmQiOiJkamFuZ28uY29udHJpYi5hdXRoLmJhY2tlbmRzLk1vZGVsQmFja2VuZCIsIl9hdXRoX3VzZXJfaWQiOiIxIn0=", "expire_date": "2016-04-14T21:19:27.153"}}, {"model": "happy.customer", "pk": 1, "fields": {"name": "Mortadelo Ravenclaw", "email": "mortadelo@gmail.com", "cellphone": 666777888, "landphone": 991112233, "club_happy": true}}, {"model": "happy.customer", "pk": 2, "fields": {"name": "Filemon Stark", "email": "filemon@gmail.com", "cellphone": 777111333, "landphone": 996661122, "club_happy": false}}, {"model": "happy.customer", "pk": 3, "fields": {"name": "Juan Cuesta", "email": "juancuesta@gmail.com", "cellphone": 819314134, "landphone": 996661133, "club_happy": true}}, {"model": "happy.customer", "pk": 4, "fields": {"name": "Marisa Benito", "email": "marisabenito@gmail.com", "cellphone": 123123124, "landphone": 996661144, "club_happy": true}}, {"model": "happy.customer", "pk": 5, "fields": {"name": "Amador Rivas Latorre", "email": "cuqui@gmail.com", "cellphone": 123123142, "landphone": 991132415, "club_happy": true}}, {"model": "happy.customer", "pk": 6, "fields": {"name": "Maite Figueroa Espinosa", "email": "lacuqui@gmail.com", "cellphone": 123154152, "landphone": null, "club_happy": true}}, {"model": "happy.customer", "pk": 7, "fields": {"name": "Enrique Pastor", "email": "papuchi@gmail.com", "cellphone": 515298301, "landphone": null, "club_happy": true}}, {"model": "happy.customer", "pk": 8, "fields": {"name": "Antonio Recio Matamoros", "email": "pescadero@gmail.com", "cellphone": 555666777, "landphone": null, "club_happy": false}}, {"model": "happy.customer", "pk": 9, "fields": {"name": "Berta Escobar", "email": "sorquisquilla@gmail.com", "cellphone": 442315207, "landphone": null, "club_happy": true}}, {"model": "happy.customer", "pk": 10, "fields": {"name": "Judith Becker", "email": "guarrilla_pelirroja@gmail.com", "cellphone": 998737129, "landphone": null, "club_happy": true}}, {"model": "happy.customer", "pk": 11, "fields": {"name": "Javier Maroto Gutierrez", "email": "pelopolla@hotmail.com", "cellphone": 998778672, "landphone": null, "club_happy": false}}, {"model": "happy.customer", "pk": 12, "fields": {"name": "Rosario Parrales Montoya", "email": "panchito@yahoo.es", "cellphone": 998776556, "landphone": null, "club_happy": true}}, {"model": "happy.customer", "pk": 13, "fields": {"name": "Maxi Angulo", "email": "mente_fria@hotmail.com", "cellphone": 123412912, "landphone": null, "club_happy": false}}, {"model": "happy.customer", "pk": 14, "fields": {"name": "Pepe Gotera", "email": "juan@gotera.com", "cellphone": 6969691234, "landphone": null, "club_happy": true}}, {"model": "happy.customer", "pk": 15, "fields": {"name": "Pimpollo Bulondrollo", "email": "asd@asd.com", "cellphone": 123123123123, "landphone": null, "club_happy": true}}, {"model": "happy.customer", "pk": 16, "fields": {"name": "Achus  Gonzalez", "email": "culi@culi.com", "cellphone": 5324522352, "landphone": null, "club_happy": true}}, {"model": "happy.customer", "pk": 17, "fields": {"name": "Gonito Gunitado", "email": "gunito@gunito.com", "cellphone": 32342342, "landphone": null, "club_happy": true}}, {"model": "happy.customer", "pk": 18, "fields": {"name": "Plin Plon", "email": "gunito@gundorn.com", "cellphone": 3331, "landphone": null, "club_happy": true}}, {"model": "happy.customer", "pk": 19, "fields": {"name": "asd", "email": "asg@mail.com", "cellphone": 2343424, "landphone": null, "club_happy": true}}, {"model": "happy.customer", "pk": 20, "fields": {"name": "asqxf aqweqweas aew", "email": "asd@qweta.com", "cellphone": 1241512, "landphone": null, "club_happy": true}}, {"model": "happy.customer", "pk": 21, "fields": {"name": "pedo pis teta", "email": "pedo@caca.churrascado", "cellphone": 123696969, "landphone": null, "club_happy": true}}, {"model": "happy.customer", "pk": 22, "fields": {"name": "Nino Bravo", "email": "bravo@torpedo.com", "cellphone": 12341523, "landphone": null, "club_happy": true}}, {"model": "happy.customer", "pk": 23, "fields": {"name": "nino bravo", "email": "bravido@nino.com", "cellphone": 99879878134, "landphone": null, "club_happy": true}}, {"model": "happy.petbreed", "pk": 1, "fields": {"name": "Affenpinscher"}}, {"model": "happy.petbreed", "pk": 2, "fields": {"name": "Airedale terrier"}}, {"model": "happy.petbreed", "pk": 3, "fields": {"name": "Akbash"}}, {"model": "happy.petbreed", "pk": 4, "fields": {"name": "Akita"}}, {"model": "happy.petbreed", "pk": 5, "fields": {"name": "Akita americano"}}, {"model": "happy.petbreed", "pk": 6, "fields": {"name": "Alano espa\u00f1ol"}}, {"model": "happy.petbreed", "pk": 7, "fields": {"name": "Alapaha blue blood bulldog"}}, {"model": "happy.petbreed", "pk": 8, "fields": {"name": "American Staffordshire terrier"}}, {"model": "happy.petbreed", "pk": 9, "fields": {"name": "Australian silky terrier"}}, {"model": "happy.petbreed", "pk": 10, "fields": {"name": "Azawakh"}}, {"model": "happy.petbreed", "pk": 11, "fields": {"name": "Basenji"}}, {"model": "happy.petbreed", "pk": 12, "fields": {"name": "Basset artesiano de Normand\u00eda"}}, {"model": "happy.petbreed", "pk": 13, "fields": {"name": "Basset azul de Gascu\u00f1a"}}, {"model": "happy.petbreed", "pk": 14, "fields": {"name": "Basset hound"}}, {"model": "happy.petbreed", "pk": 15, "fields": {"name": "Basset leonado de Breta\u00f1a"}}, {"model": "happy.petbreed", "pk": 16, "fields": {"name": "Beagle"}}, {"model": "happy.petbreed", "pk": 17, "fields": {"name": "Beagle-Harrier"}}, {"model": "happy.petbreed", "pk": 18, "fields": {"name": "Bedlington terrier"}}, {"model": "happy.petbreed", "pk": 19, "fields": {"name": "Bich\u00f3n bolo\u00f1\u00e9s"}}, {"model": "happy.petbreed", "pk": 20, "fields": {"name": "Bich\u00f3n de pelo rizado"}}, {"model": "happy.petbreed", "pk": 21, "fields": {"name": "Bich\u00f3n habanero"}}, {"model": "happy.petbreed", "pk": 22, "fields": {"name": "Bich\u00f3n malt\u00e9s"}}, {"model": "happy.petbreed", "pk": 23, "fields": {"name": "Billy"}}, {"model": "happy.petbreed", "pk": 24, "fields": {"name": "Boerboel"}}, {"model": "happy.petbreed", "pk": 25, "fields": {"name": "Border terrier"}}, {"model": "happy.petbreed", "pk": 26, "fields": {"name": "Boston Terrier"}}, {"model": "happy.petbreed", "pk": 27, "fields": {"name": "Boxer"}}, {"model": "happy.petbreed", "pk": 28, "fields": {"name": "Boyero"}}, {"model": "happy.petbreed", "pk": 29, "fields": {"name": "Braco"}}, {"model": "happy.petbreed", "pk": 30, "fields": {"name": "Briquet grif\u00f3n vendeano"}}, {"model": "happy.petbreed", "pk": 31, "fields": {"name": "Broholmer"}}, {"model": "happy.petbreed", "pk": 32, "fields": {"name": "Buhund noruego"}}, {"model": "happy.petbreed", "pk": 33, "fields": {"name": "Bull terrier"}}, {"model": "happy.petbreed", "pk": 34, "fields": {"name": "Bulldog"}}, {"model": "happy.petbreed", "pk": 35, "fields": {"name": "Bulldog americano"}}, {"model": "happy.petbreed", "pk": 36, "fields": {"name": "Bulldog franc\u00e9s"}}, {"model": "happy.petbreed", "pk": 37, "fields": {"name": "Bullmastiff"}}, {"model": "happy.petbreed", "pk": 38, "fields": {"name": "Cairn terrier"}}, {"model": "happy.petbreed", "pk": 39, "fields": {"name": "Cane corso italiano"}}, {"model": "happy.petbreed", "pk": 40, "fields": {"name": "Caniche"}}, {"model": "happy.petbreed", "pk": 41, "fields": {"name": "Cavalier King Charles Spaniel"}}, {"model": "happy.petbreed", "pk": 42, "fields": {"name": "Cazador de alces"}}, {"model": "happy.petbreed", "pk": 43, "fields": {"name": "Chesapeake Bay Retriever"}}, {"model": "happy.petbreed", "pk": 44, "fields": {"name": "Chihuahua"}}, {"model": "happy.petbreed", "pk": 45, "fields": {"name": "Chow chow"}}, {"model": "happy.petbreed", "pk": 46, "fields": {"name": "Cimarr\u00f3n uruguayo"}}, {"model": "happy.petbreed", "pk": 47, "fields": {"name": "Cirneco dell'Etna"}}, {"model": "happy.petbreed", "pk": 48, "fields": {"name": "Clumber spaniel"}}, {"model": "happy.petbreed", "pk": 49, "fields": {"name": "Cobrador de Nueva Escocia"}}, {"model": "happy.petbreed", "pk": 50, "fields": {"name": "Cocker spaniel americano"}}, {"model": "happy.petbreed", "pk": 51, "fields": {"name": "Cocker spaniel ingl\u00e9s"}}, {"model": "happy.petbreed", "pk": 52, "fields": {"name": "Collie"}}, {"model": "happy.petbreed", "pk": 53, "fields": {"name": "Coton de Tul\u00e9ar"}}, {"model": "happy.petbreed", "pk": 54, "fields": {"name": "Crestado"}}, {"model": "happy.petbreed", "pk": 55, "fields": {"name": "Dachshund"}}, {"model": "happy.petbreed", "pk": 56, "fields": {"name": "Doguillo"}}, {"model": "happy.petbreed", "pk": 57, "fields": {"name": "Espinone"}}, {"model": "happy.petbreed", "pk": 58, "fields": {"name": "Eurasier"}}, {"model": "happy.petbreed", "pk": 59, "fields": {"name": "Fila brasilero"}}, {"model": "happy.petbreed", "pk": 60, "fields": {"name": "Fila de San Miguel"}}, {"model": "happy.petbreed", "pk": 61, "fields": {"name": "Flat Coated Retriever"}}, {"model": "happy.petbreed", "pk": 62, "fields": {"name": "Fox terrier"}}, {"model": "happy.petbreed", "pk": 63, "fields": {"name": "Foxhound americano"}}, {"model": "happy.petbreed", "pk": 64, "fields": {"name": "Foxhound ingl\u00e9s"}}, {"model": "happy.petbreed", "pk": 65, "fields": {"name": "Galgo espa\u00f1ol"}}, {"model": "happy.petbreed", "pk": 66, "fields": {"name": "Gascon saintongeois"}}, {"model": "happy.petbreed", "pk": 67, "fields": {"name": "Golden Retriever"}}, {"model": "happy.petbreed", "pk": 68, "fields": {"name": "Hokka\u00efdo"}}, {"model": "happy.petbreed", "pk": 69, "fields": {"name": "Hovawart"}}, {"model": "happy.petbreed", "pk": 70, "fields": {"name": "Husky siberiano"}}, {"model": "happy.petbreed", "pk": 71, "fields": {"name": "Jack Russell terrier"}}, {"model": "happy.petbreed", "pk": 72, "fields": {"name": "Kai"}}, {"model": "happy.petbreed", "pk": 73, "fields": {"name": "Kangal"}}, {"model": "happy.petbreed", "pk": 74, "fields": {"name": "Kelpie australiano"}}, {"model": "happy.petbreed", "pk": 75, "fields": {"name": "Kerry blue terrier"}}, {"model": "happy.petbreed", "pk": 76, "fields": {"name": "King Charles spaniel"}}, {"model": "happy.petbreed", "pk": 77, "fields": {"name": "Kishu"}}, {"model": "happy.petbreed", "pk": 78, "fields": {"name": "Gonzcy Polski"}}, {"model": "happy.petbreed", "pk": 79, "fields": {"name": "Gran dan\u00e9s"}}, {"model": "happy.petbreed", "pk": 80, "fields": {"name": "Greyhound"}}, {"model": "happy.petbreed", "pk": 81, "fields": {"name": "Grif\u00f3n"}}, {"model": "happy.petbreed", "pk": 82, "fields": {"name": "Harrier"}}, {"model": "happy.petbreed", "pk": 83, "fields": {"name": "Klee Kai de Alaska"}}, {"model": "happy.petbreed", "pk": 84, "fields": {"name": "Komondor"}}, {"model": "happy.petbreed", "pk": 85, "fields": {"name": "Kromfohrl\u00e4nder"}}, {"model": "happy.petbreed", "pk": 86, "fields": {"name": "Kuvasz"}}, {"model": "happy.petbreed", "pk": 87, "fields": {"name": "Labrador Retriever"}}, {"model": "happy.petbreed", "pk": 88, "fields": {"name": "Laika"}}, {"model": "happy.petbreed", "pk": 89, "fields": {"name": "Lakeland terrier"}}, {"model": "happy.petbreed", "pk": 90, "fields": {"name": "Landseer"}}, {"model": "happy.petbreed", "pk": 91, "fields": {"name": "Lebrel afgano"}}, {"model": "happy.petbreed", "pk": 92, "fields": {"name": "Lebrel \u00e1rabe"}}, {"model": "happy.petbreed", "pk": 93, "fields": {"name": "Lebrel escoc\u00e9s"}}, {"model": "happy.petbreed", "pk": 94, "fields": {"name": "Lebrel h\u00fangaro"}}, {"model": "happy.petbreed", "pk": 95, "fields": {"name": "Lebrel irland\u00e9s"}}, {"model": "happy.petbreed", "pk": 96, "fields": {"name": "Leonberger"}}, {"model": "happy.petbreed", "pk": 97, "fields": {"name": "Lhasa Apso"}}, {"model": "happy.petbreed", "pk": 98, "fields": {"name": "Lundehund noruego"}}, {"model": "happy.petbreed", "pk": 99, "fields": {"name": "Malamute de Alaska"}}, {"model": "happy.petbreed", "pk": 100, "fields": {"name": "Manchester terrier"}}, {"model": "happy.petbreed", "pk": 101, "fields": {"name": "Mastiff"}}, {"model": "happy.petbreed", "pk": 102, "fields": {"name": "Mast\u00edn"}}, {"model": "happy.petbreed", "pk": 103, "fields": {"name": "Mudi"}}, {"model": "happy.petbreed", "pk": 104, "fields": {"name": "Norfolk terrier"}}, {"model": "happy.petbreed", "pk": 105, "fields": {"name": "Norwich terrier"}}, {"model": "happy.petbreed", "pk": 106, "fields": {"name": "Pastor alem\u00e1n"}}, {"model": "happy.petbreed", "pk": 107, "fields": {"name": "Pastor australiano"}}, {"model": "happy.petbreed", "pk": 108, "fields": {"name": "Pastor belga"}}, {"model": "happy.petbreed", "pk": 109, "fields": {"name": "Pastor Bergamasco"}}, {"model": "happy.petbreed", "pk": 110, "fields": {"name": "Pekin\u00e9s"}}, {"model": "happy.petbreed", "pk": 111, "fields": {"name": "Perdiguero"}}, {"model": "happy.petbreed", "pk": 112, "fields": {"name": "Perro de agua espa\u00f1ol"}}, {"model": "happy.petbreed", "pk": 113, "fields": {"name": "Perro de agua franc\u00e9s"}}, {"model": "happy.petbreed", "pk": 114, "fields": {"name": "Pinscher alem\u00e1n"}}, {"model": "happy.petbreed", "pk": 115, "fields": {"name": "Pinscher austriaco"}}, {"model": "happy.petbreed", "pk": 116, "fields": {"name": "Pinscher miniatura"}}, {"model": "happy.petbreed", "pk": 117, "fields": {"name": "Pitbull terrier americano"}}, {"model": "happy.petbreed", "pk": 118, "fields": {"name": "Podenco canario"}}, {"model": "happy.petbreed", "pk": 119, "fields": {"name": "Podenco ibicenco"}}, {"model": "happy.petbreed", "pk": 120, "fields": {"name": "Podenco portugu\u00e9s"}}, {"model": "happy.petbreed", "pk": 121, "fields": {"name": "Pointer ingl\u00e9s"}}, {"model": "happy.petbreed", "pk": 122, "fields": {"name": "Poitevin"}}, {"model": "happy.petbreed", "pk": 123, "fields": {"name": "Porcelana"}}, {"model": "happy.petbreed", "pk": 124, "fields": {"name": "Pudelpointer"}}, {"model": "happy.petbreed", "pk": 125, "fields": {"name": "Puli"}}, {"model": "happy.petbreed", "pk": 126, "fields": {"name": "Pumi"}}, {"model": "happy.petbreed", "pk": 127, "fields": {"name": "Rastreador de las monta\u00f1as de Baviera"}}, {"model": "happy.petbreed", "pk": 128, "fields": {"name": "Rastreador del Hanover"}}, {"model": "happy.petbreed", "pk": 129, "fields": {"name": "Rhodesian ridgeback"}}, {"model": "happy.petbreed", "pk": 130, "fields": {"name": "Rottweiler"}}, {"model": "happy.petbreed", "pk": 131, "fields": {"name": "Sabueso alem\u00e1n"}}, {"model": "happy.petbreed", "pk": 132, "fields": {"name": "Sabueso artesiano"}}, {"model": "happy.petbreed", "pk": 133, "fields": {"name": "Sabueso espa\u00f1ol"}}, {"model": "happy.petbreed", "pk": 134, "fields": {"name": "Saluki"}}, {"model": "happy.petbreed", "pk": 135, "fields": {"name": "Samoyedo"}}, {"model": "happy.petbreed", "pk": 136, "fields": {"name": "San Bernardo"}}, {"model": "happy.petbreed", "pk": 137, "fields": {"name": "Sarplaninac"}}, {"model": "happy.petbreed", "pk": 138, "fields": {"name": "Schapendoes neerland\u00e9s"}}, {"model": "happy.petbreed", "pk": 139, "fields": {"name": "Schipperke"}}, {"model": "happy.petbreed", "pk": 140, "fields": {"name": "Schnauzer"}}, {"model": "happy.petbreed", "pk": 141, "fields": {"name": "Scottish terrier"}}, {"model": "happy.petbreed", "pk": 142, "fields": {"name": "Sealyham terrier"}}, {"model": "happy.petbreed", "pk": 143, "fields": {"name": "Setter ingl\u00e9s"}}, {"model": "happy.petbreed", "pk": 144, "fields": {"name": "Shar pei"}}, {"model": "happy.petbreed", "pk": 145, "fields": {"name": "Shiba"}}, {"model": "happy.petbreed", "pk": 146, "fields": {"name": "Shih Tzu"}}, {"model": "happy.petbreed", "pk": 147, "fields": {"name": "Shikoku"}}, {"model": "happy.petbreed", "pk": 148, "fields": {"name": "Skye terrier"}}, {"model": "happy.petbreed", "pk": 149, "fields": {"name": "Spaniel"}}, {"model": "happy.petbreed", "pk": 150, "fields": {"name": "Spitz"}}, {"model": "happy.petbreed", "pk": 151, "fields": {"name": "Springer spaniel"}}, {"model": "happy.petbreed", "pk": 152, "fields": {"name": "Staffordshire bull terrier"}}, {"model": "happy.petbreed", "pk": 153, "fields": {"name": "Sussex spaniel"}}, {"model": "happy.petbreed", "pk": 154, "fields": {"name": "Terranova"}}, {"model": "happy.petbreed", "pk": 155, "fields": {"name": "Tosa"}}, {"model": "happy.petbreed", "pk": 156, "fields": {"name": "Volpino italiano"}}, {"model": "happy.petbreed", "pk": 157, "fields": {"name": "Welsh Corgi Pembroke"}}, {"model": "happy.petbreed", "pk": 158, "fields": {"name": "West highland white terrier"}}, {"model": "happy.petbreed", "pk": 159, "fields": {"name": "Whippet"}}, {"model": "happy.petbreed", "pk": 160, "fields": {"name": "Yorkshire terrier"}}, {"model": "happy.pet", "pk": 1, "fields": {"name": "Crispi", "breed": 1, "hair_type": "medium", "size": "medium", "annotations": "Peque\u00f1o y cabron", "birthday": "2013-03-17", "birthday_week": 11, "thumbnail": "", "owners": [1]}}, {"model": "happy.pet", "pk": 2, "fields": {"name": "Epi", "breed": 2, "hair_type": "short", "size": "medium", "annotations": "Cari\u00f1oso y se duerme en la ducha", "birthday": "2013-04-02", "birthday_week": 13, "thumbnail": "", "owners": [2]}}, {"model": "happy.pet", "pk": 3, "fields": {"name": "Groucho", "breed": 3, "hair_type": "short", "size": "medium", "annotations": "Lo traen siempre lleno de mierda", "birthday": "2013-06-03", "birthday_week": 22, "thumbnail": "", "owners": [3]}}, {"model": "happy.pet", "pk": 4, "fields": {"name": "Indiana", "breed": 4, "hair_type": "short", "size": "medium", "annotations": "Super relajado y bonachon", "birthday": "2013-02-16", "birthday_week": 7, "thumbnail": "", "owners": [4]}}, {"model": "happy.pet", "pk": 5, "fields": {"name": "Hache", "breed": 5, "hair_type": "medium", "size": "medium", "annotations": "Mola mogollon", "birthday": "2013-07-07", "birthday_week": 27, "thumbnail": "", "owners": [4]}}, {"model": "happy.pet", "pk": 6, "fields": {"name": "Gorky", "breed": 6, "hair_type": "medium", "size": "medium", "annotations": "Lanudo a mas no poder", "birthday": "2013-01-06", "birthday_week": 1, "thumbnail": "", "owners": [5]}}, {"model": "happy.pet", "pk": 7, "fields": {"name": "Popeye", "breed": 7, "hair_type": "medium", "size": "medium", "annotations": "Dulce y tranquilo", "birthday": "2013-04-04", "birthday_week": 14, "thumbnail": "", "owners": [6]}}, {"model": "happy.pet", "pk": 8, "fields": {"name": "Ottomano", "breed": 8, "hair_type": "medium", "size": "medium", "annotations": "Ladra mucho", "birthday": "2013-08-13", "birthday_week": 33, "thumbnail": "", "owners": [7]}}, {"model": "happy.pet", "pk": 9, "fields": {"name": "Sultan", "breed": 9, "hair_type": "long", "size": "medium", "annotations": "Ha tirado algun bocado mientras se le duchaba", "birthday": "2011-04-18", "birthday_week": 16, "thumbnail": "", "owners": [8]}}, {"model": "happy.pet", "pk": 10, "fields": {"name": "Bernardina", "breed": 10, "hair_type": "long", "size": "big", "annotations": "Un bicho enorme, manso y relajado pero es enooooooooorm\u00edsimo isimoooo isimooooo isimoooooooomamemimomu", "birthday": "2010-10-21", "birthday_week": 42, "thumbnail": "", "owners": [9]}}, {"model": "happy.pet", "pk": 11, "fields": {"name": "Tartufo", "breed": 11, "hair_type": "short", "size": "medium", "annotations": "Que cosa mas fea de perro! JAAJAJAJA", "birthday": "2013-07-07", "birthday_week": 27, "thumbnail": "", "owners": [10]}}, {"model": "happy.pet", "pk": 12, "fields": {"name": "Venus", "breed": 12, "hair_type": "medium", "size": "medium", "annotations": "Sin problemas", "birthday": "2013-09-04", "birthday_week": 35, "thumbnail": "", "owners": [10]}}, {"model": "happy.pet", "pk": 13, "fields": {"name": "Yuma", "breed": 13, "hair_type": "medium", "size": "medium", "annotations": "Lorem ipsum dolor sit amet bla bla bla bla", "birthday": "2012-04-24", "birthday_week": 16, "thumbnail": "", "owners": [11]}}, {"model": "happy.pet", "pk": 14, "fields": {"name": "Tango", "breed": 14, "hair_type": "medium", "size": "medium", "annotations": "Se tira pedos!", "birthday": "2013-12-16", "birthday_week": 50, "thumbnail": "", "owners": [12]}}, {"model": "happy.pet", "pk": 15, "fields": {"name": "Waki", "breed": 15, "hair_type": "medium", "size": "medium", "annotations": "Blablablalbablabla", "birthday": "2013-04-24", "birthday_week": 17, "thumbnail": "", "owners": [8, 13]}}, {"model": "happy.pet", "pk": 16, "fields": {"name": "Tux", "breed": 16, "hair_type": "short", "size": "medium", "annotations": "Me pica la nariz", "birthday": "2015-04-24", "birthday_week": 17, "thumbnail": "", "owners": [9, 12]}}, {"model": "happy.pet", "pk": 20, "fields": {"name": "Panceta", "breed": 20, "hair_type": null, "size": "medium", "annotations": "asdqwe", "birthday": "2016-04-24", "birthday_week": 16, "thumbnail": "", "owners": [10]}}, {"model": "happy.pet", "pk": 21, "fields": {"name": "Mamamia", "breed": 21, "hair_type": null, "size": "medium", "annotations": "", "birthday": "2016-04-01", "birthday_week": 13, "thumbnail": "", "owners": [1]}}, {"model": "happy.pet", "pk": 22, "fields": {"name": "As", "breed": 22, "hair_type": null, "size": "medium", "annotations": "qweqwe", "birthday": "2016-04-04", "birthday_week": 14, "thumbnail": "", "owners": [5]}}, {"model": "happy.pet", "pk": 29, "fields": {"name": "Cork", "breed": 38, "hair_type": null, "size": "medium", "annotations": "tiene 2 semanas y es un culi culiadasdasd", "birthday": "2008-10-07", "birthday_week": 41, "thumbnail": "", "owners": [16]}}, {"model": "happy.pet", "pk": 30, "fields": {"name": "Peluoooo", "breed": 30, "hair_type": null, "size": "medium", "annotations": "triquitrin", "birthday": "2000-01-01", "birthday_week": 52, "thumbnail": "", "owners": [17]}}, {"model": "happy.pet", "pk": 31, "fields": {"name": "Peluin", "breed": 31, "hair_type": null, "size": "medium", "annotations": "peluin peluonnonon", "birthday": "2016-03-01", "birthday_week": 9, "thumbnail": "", "owners": [18]}}, {"model": "happy.pet", "pk": 32, "fields": {"name": "catisenir", "breed": 32, "hair_type": null, "size": "medium", "annotations": "asdadsasd", "birthday": "2015-12-28", "birthday_week": 53, "thumbnail": "", "owners": [19]}}, {"model": "happy.pet", "pk": 33, "fields": {"name": "Chony", "breed": 33, "hair_type": null, "size": "medium", "annotations": "Este no se tira pedos!", "birthday": "2013-12-04", "birthday_week": 49, "thumbnail": "", "owners": [12]}}, {"model": "happy.pet", "pk": 34, "fields": {"name": "oiqwueiquwye", "breed": 34, "hair_type": null, "size": "medium", "annotations": "aqweqweqweqsadazxczxc", "birthday": "2016-04-12", "birthday_week": 15, "thumbnail": "", "owners": [20]}}, {"model": "happy.pet", "pk": 35, "fields": {"name": "nmadiro", "breed": 35, "hair_type": null, "size": "medium", "annotations": "caca culo", "birthday": "2016-04-18", "birthday_week": 16, "thumbnail": "", "owners": [21]}}, {"model": "happy.pet", "pk": 36, "fields": {"name": "Pepe", "breed": 36, "hair_type": null, "size": "medium", "annotations": "qweqwe", "birthday": "2016-04-04", "birthday_week": 14, "thumbnail": "", "owners": [5]}}, {"model": "happy.pet", "pk": 37, "fields": {"name": "Chonyto", "breed": 37, "hair_type": null, "size": "medium", "annotations": "este es el hijode chony", "birthday": "2013-12-01", "birthday_week": 48, "thumbnail": "", "owners": [12]}}, {"model": "happy.pet", "pk": 38, "fields": {"name": "Mortadela", "breed": 38, "hair_type": null, "size": "medium", "annotations": "Peque\u00f1o y cabronlqwkjelqwkejlkajd alskdjqwlkejqwelkj asdlkjqwe", "birthday": null, "birthday_week": null, "thumbnail": "", "owners": [1]}}, {"model": "happy.pet", "pk": 41, "fields": {"name": "Marte", "breed": 118, "hair_type": "short", "size": "medium", "annotations": null, "birthday": "2010-03-16", "birthday_week": 11, "thumbnail": "", "owners": [22]}}, {"model": "happy.pet", "pk": 42, "fields": {"name": "Marte", "breed": 118, "hair_type": "short", "size": "medium", "annotations": "Le pica el culo cuando le tocas la oreja derecha.\nEsta en vacaciones\n", "birthday": "2010-03-16", "birthday_week": 11, "thumbnail": "", "owners": [22]}}, {"model": "happy.pet", "pk": 43, "fields": {"name": "Marte", "breed": 118, "hair_type": "short", "size": "medium", "annotations": "Le pica el culo cuando le tocas la oreja derecha.\nEsta en vacaciones\n", "birthday": "2010-03-16", "birthday_week": 11, "thumbnail": "", "owners": [22]}}, {"model": "happy.pet", "pk": 44, "fields": {"name": "Marte", "breed": 118, "hair_type": "short", "size": "medium", "annotations": "Le pica el culo cuando le tocas la oreja derecha.\nEsta en vacaciones\n", "birthday": "2010-03-16", "birthday_week": 11, "thumbnail": "", "owners": [22]}}, {"model": "happy.service", "pk": 1, "fields": {"name": "Corte Tijera", "price": 35}}, {"model": "happy.service", "pk": 2, "fields": {"name": "Corte Maquina", "price": 30}}, {"model": "happy.service", "pk": 3, "fields": {"name": "Arreglo Raza", "price": 35}}, {"model": "happy.service", "pk": 4, "fields": {"name": "Ba\u00f1o Relajante", "price": 10}}, {"model": "happy.service", "pk": 5, "fields": {"name": "Ba\u00f1o Antiparasitario", "price": 13}}, {"model": "happy.service", "pk": 6, "fields": {"name": "Ba\u00f1o Blanqueador", "price": 15}}, {"model": "happy.service", "pk": 7, "fields": {"name": "Ba\u00f1o Hidratante", "price": 20}}, {"model": "happy.service", "pk": 8, "fields": {"name": "Ba\u00f1o Queratina", "price": 23}}, {"model": "happy.service", "pk": 9, "fields": {"name": "Vaciado de Gl\u00e1ndulas Anales", "price": 5}}, {"model": "happy.service", "pk": 10, "fields": {"name": "Corte de U\u00f1as", "price": 3}}, {"model": "happy.service", "pk": 11, "fields": {"name": "Deslanado", "price": 40}}, {"model": "happy.appointment", "pk": 2, "fields": {"pet": 6, "start": "2016-04-01T14:00:00", "end": "2016-04-01T15:30:00", "notes": "", "paid": false, "amount_paid": 0.0, "services": [1, 2, 4, 6]}}, {"model": "happy.appointment", "pk": 6, "fields": {"pet": 4, "start": "2016-04-01T14:00:00", "end": "2016-04-01T16:00:00", "notes": "", "paid": true, "amount_paid": 15.0, "services": [1, 2, 5]}}, {"model": "happy.appointment", "pk": 12, "fields": {"pet": 14, "start": "2016-03-31T14:00:00", "end": "2016-03-31T15:00:00", "notes": "", "paid": true, "amount_paid": 166.0, "services": [1, 2, 3, 4, 5, 7, 8]}}, {"model": "happy.appointment", "pk": 14, "fields": {"pet": 11, "start": "2016-03-29T15:00:00", "end": "2016-03-29T16:00:00", "notes": "", "paid": true, "amount_paid": 100.0, "services": [1, 2, 3, 4]}}, {"model": "happy.appointment", "pk": 15, "fields": {"pet": 11, "start": "2016-04-06T12:30:00", "end": "2016-04-06T13:30:00", "notes": "", "paid": true, "amount_paid": 110.0, "services": [1, 2, 3, 4]}}, {"model": "happy.appointment", "pk": 16, "fields": {"pet": 11, "start": "2016-04-02T12:00:00", "end": "2016-04-02T13:00:00", "notes": "", "paid": false, "amount_paid": 0.0, "services": [1, 2, 3, 4]}}, {"model": "happy.appointment", "pk": 17, "fields": {"pet": 15, "start": "2016-04-07T12:00:00", "end": "2016-04-07T13:30:00", "notes": "", "paid": true, "amount_paid": 60.0, "services": [3, 4, 6]}}, {"model": "happy.appointment", "pk": 18, "fields": {"pet": 10, "start": "2016-04-07T14:30:00", "end": "2016-04-07T16:00:00", "notes": "", "paid": true, "amount_paid": 65.0, "services": [1, 2]}}, {"model": "happy.appointment", "pk": 19, "fields": {"pet": 9, "start": "2016-04-09T12:00:00", "end": "2016-04-09T13:30:00", "notes": "", "paid": true, "amount_paid": 33.0, "services": [5, 7]}}, {"model": "happy.appointment", "pk": 20, "fields": {"pet": 11, "start": "2016-04-06T13:00:00", "end": "2016-04-06T14:30:00", "notes": "", "paid": false, "amount_paid": 0.0, "services": []}}, {"model": "happy.appointment", "pk": 21, "fields": {"pet": 11, "start": "2016-04-06T13:30:00", "end": "2016-04-06T15:00:00", "notes": "", "paid": false, "amount_paid": 0.0, "services": []}}, {"model": "happy.appointment", "pk": 22, "fields": {"pet": 16, "start": "2016-04-07T15:00:00", "end": "2016-04-07T16:30:00", "notes": "", "paid": false, "amount_paid": 0.0, "services": [5, 8]}}, {"model": "happy.appointment", "pk": 23, "fields": {"pet": 16, "start": "2016-04-07T15:30:00", "end": "2016-04-07T17:30:00", "notes": "", "paid": true, "amount_paid": 133.0, "services": [5]}}, {"model": "happy.appointment", "pk": 27, "fields": {"pet": 3, "start": "2016-04-04T12:00:00", "end": "2016-04-04T13:00:00", "notes": "", "paid": true, "amount_paid": 0.0, "services": []}}, {"model": "happy.appointment", "pk": 28, "fields": {"pet": 10, "start": "2016-04-04T15:00:00", "end": "2016-04-04T16:00:00", "notes": "", "paid": true, "amount_paid": 0.0, "services": []}}, {"model": "happy.appointment", "pk": 29, "fields": {"pet": 6, "start": "2016-04-04T15:00:00", "end": "2016-04-04T16:00:00", "notes": "", "paid": true, "amount_paid": 28.0, "services": [5, 6]}}, {"model": "happy.appointment", "pk": 40, "fields": {"pet": 6, "start": "2016-04-05T18:30:00", "end": "2016-04-05T19:30:00", "notes": "", "paid": true, "amount_paid": 0.0, "services": []}}, {"model": "happy.appointment", "pk": 41, "fields": {"pet": 2, "start": "2016-04-04T16:00:00", "end": "2016-04-04T17:30:00", "notes": "", "paid": true, "amount_paid": 0.0, "services": []}}, {"model": "happy.appointment", "pk": 42, "fields": {"pet": 10, "start": "2016-04-12T12:30:00", "end": "2016-04-12T13:30:00", "notes": "", "paid": true, "amount_paid": 234.0, "services": []}}, {"model": "happy.appointment", "pk": 45, "fields": {"pet": 22, "start": "2016-04-16T12:00:00", "end": "2016-04-16T14:30:00", "notes": "", "paid": false, "amount_paid": 0.0, "services": [3, 6]}}, {"model": "happy.appointment", "pk": 46, "fields": {"pet": 22, "start": "2016-04-30T12:00:00", "end": "2016-04-30T13:30:00", "notes": "", "paid": false, "amount_paid": 0.0, "services": [5]}}, {"model": "happy.appointment", "pk": 47, "fields": {"pet": 16, "start": "2016-04-15T12:00:00", "end": "2016-04-15T13:30:00", "notes": "", "paid": false, "amount_paid": 0.0, "services": [5]}}, {"model": "happy.appointment", "pk": 48, "fields": {"pet": 10, "start": "2016-04-14T12:00:00", "end": "2016-04-14T13:30:00", "notes": "", "paid": false, "amount_paid": 0.0, "services": [5, 6]}}, {"model": "happy.appointment", "pk": 49, "fields": {"pet": 29, "start": "2016-04-14T14:00:00", "end": "2016-04-14T14:30:00", "notes": "", "paid": false, "amount_paid": 0.0, "services": [5, 6]}}, {"model": "happy.appointment", "pk": 50, "fields": {"pet": 30, "start": "2016-04-14T15:00:00", "end": "2016-04-14T16:00:00", "notes": "", "paid": false, "amount_paid": 0.0, "services": [6]}}, {"model": "happy.appointment", "pk": 52, "fields": {"pet": 22, "start": "2016-04-11T16:30:00", "end": "2016-04-11T18:00:00", "notes": "", "paid": true, "amount_paid": 48.0, "services": [5, 7]}}, {"model": "happy.appointment", "pk": 53, "fields": {"pet": 32, "start": "2016-04-11T13:30:00", "end": "2016-04-11T14:00:00", "notes": "", "paid": false, "amount_paid": 0.0, "services": [5, 6, 7]}}, {"model": "happy.appointment", "pk": 55, "fields": {"pet": 33, "start": "2016-04-12T10:30:00", "end": "2016-04-12T12:00:00", "notes": "", "paid": true, "amount_paid": 50.0, "services": [2, 5, 8]}}, {"model": "happy.appointment", "pk": 56, "fields": {"pet": 33, "start": "2016-04-12T18:00:00", "end": "2016-04-12T19:00:00", "notes": "", "paid": false, "amount_paid": 0.0, "services": []}}, {"model": "happy.appointment", "pk": 57, "fields": {"pet": 34, "start": "2016-04-13T16:30:00", "end": "2016-04-13T18:00:00", "notes": "", "paid": false, "amount_paid": 0.0, "services": [5, 10]}}, {"model": "happy.appointment", "pk": 58, "fields": {"pet": 35, "start": "2016-04-15T16:00:00", "end": "2016-04-15T17:30:00", "notes": "", "paid": false, "amount_paid": 0.0, "services": [5]}}, {"model": "happy.appointment", "pk": 59, "fields": {"pet": 36, "start": "2016-04-13T10:30:00", "end": "2016-04-13T11:30:00", "notes": "", "paid": false, "amount_paid": 0.0, "services": [6, 8]}}, {"model": "happy.appointment", "pk": 60, "fields": {"pet": 10, "start": "2016-04-12T14:30:00", "end": "2016-04-12T15:00:00", "notes": "", "paid": false, "amount_paid": 0.0, "services": [3]}}, {"model": "happy.appointment", "pk": 61, "fields": {"pet": 29, "start": "2016-04-13T12:00:00", "end": "2016-04-13T13:00:00", "notes": "", "paid": false, "amount_paid": 0.0, "services": []}}, {"model": "happy.appointment", "pk": 62, "fields": {"pet": 33, "start": "2016-04-14T16:30:00", "end": "2016-04-14T17:30:00", "notes": "", "paid": false, "amount_paid": 0.0, "services": [3, 6]}}, {"model": "happy.appointment", "pk": 63, "fields": {"pet": 29, "start": "2016-04-16T16:30:00", "end": "2016-04-16T19:00:00", "notes": "", "paid": false, "amount_paid": 0.0, "services": [5]}}, {"model": "happy.appointment", "pk": 64, "fields": {"pet": 1, "start": "2016-04-17T10:00:00", "end": "2016-04-17T11:00:00", "notes": "", "paid": false, "amount_paid": 0.0, "services": [6]}}, {"model": "happy.appointment", "pk": 65, "fields": {"pet": 33, "start": "2016-04-18T12:00:00", "end": "2016-04-18T13:00:00", "notes": "", "paid": true, "amount_paid": 125.0, "services": [3, 7]}}, {"model": "happy.appointment", "pk": 66, "fields": {"pet": 33, "start": "2016-04-18T13:30:00", "end": "2016-04-18T14:30:00", "notes": "", "paid": false, "amount_paid": 0.0, "services": []}}, {"model": "happy.appointment", "pk": 67, "fields": {"pet": 33, "start": "2016-04-18T14:00:00", "end": "2016-04-18T15:00:00", "notes": "", "paid": true, "amount_paid": 10.0, "services": []}}, {"model": "happy.appointment", "pk": 68, "fields": {"pet": 37, "start": "2016-04-18T14:30:00", "end": "2016-04-18T15:30:00", "notes": "", "paid": false, "amount_paid": 0.0, "services": [5, 7]}}, {"model": "happy.appointment", "pk": 69, "fields": {"pet": 10, "start": "2016-04-15T10:30:00", "end": "2016-04-15T11:30:00", "notes": "", "paid": false, "amount_paid": 0.0, "services": []}}, {"model": "happy.appointment", "pk": 70, "fields": {"pet": 16, "start": "2016-04-14T18:00:00", "end": "2016-04-14T19:30:00", "notes": "", "paid": false, "amount_paid": 0.0, "services": [6]}}, {"model": "happy.appointment", "pk": 71, "fields": {"pet": 10, "start": "2016-04-16T10:30:00", "end": "2016-04-16T11:00:00", "notes": "", "paid": false, "amount_paid": 0.0, "services": [6]}}, {"model": "happy.appointment", "pk": 72, "fields": {"pet": 10, "start": "2016-04-17T12:00:00", "end": "2016-04-17T12:30:00", "notes": "", "paid": false, "amount_paid": 0.0, "services": []}}, {"model": "happy.appointment", "pk": 73, "fields": {"pet": 10, "start": "2016-04-17T13:30:00", "end": "2016-04-17T14:30:00", "notes": "", "paid": false, "amount_paid": 0.0, "services": []}}, {"model": "happy.appointment", "pk": 74, "fields": {"pet": 10, "start": "2016-04-17T15:00:00", "end": "2016-04-17T15:30:00", "notes": "", "paid": false, "amount_paid": 0.0, "services": []}}, {"model": "happy.appointment", "pk": 75, "fields": {"pet": 33, "start": "2016-04-17T16:00:00", "end": "2016-04-17T16:30:00", "notes": "", "paid": false, "amount_paid": 0.0, "services": []}}, {"model": "happy.appointment", "pk": 79, "fields": {"pet": 9, "start": "2016-04-25T13:00:00", "end": "2016-04-25T16:00:00", "notes": "", "paid": false, "amount_paid": 0.0, "services": []}}, {"model": "happy.appointment", "pk": 86, "fields": {"pet": 1, "start": "2016-04-24T13:00:00", "end": "2016-04-24T14:00:00", "notes": "", "paid": true, "amount_paid": 35.0, "services": [1]}}, {"model": "happy.appointment", "pk": 87, "fields": {"pet": 1, "start": "2016-04-24T20:30:00", "end": "2016-04-24T21:30:00", "notes": "", "paid": false, "amount_paid": 0.0, "services": []}}, {"model": "happy.appointment", "pk": 88, "fields": {"pet": 6, "start": "2016-04-20T12:00:00", "end": "2016-04-20T13:30:00", "notes": "", "paid": true, "amount_paid": 30.0, "services": [4, 7]}}, {"model": "happy.appointment", "pk": 89, "fields": {"pet": 38, "start": "2016-04-22T12:00:00", "end": "2016-04-22T13:30:00", "notes": "", "paid": true, "amount_paid": 25.0, "services": [6]}}, {"model": "happy.appointment", "pk": 90, "fields": {"pet": 37, "start": "2016-04-20T12:30:00", "end": "2016-04-20T14:30:00", "notes": "", "paid": false, "amount_paid": 0.0, "services": [2, 7]}}, {"model": "happy.appointment", "pk": 91, "fields": {"pet": 10, "start": "2016-04-21T11:00:00", "end": "2016-04-21T14:00:00", "notes": "", "paid": false, "amount_paid": 0.0, "services": []}}, {"model": "happy.appointment", "pk": 92, "fields": {"pet": 10, "start": "2016-04-21T10:30:00", "end": "2016-04-21T13:30:00", "notes": "", "paid": false, "amount_paid": 0.0, "services": []}}, {"model": "happy.appointment", "pk": 93, "fields": {"pet": 10, "start": "2016-04-21T10:00:00", "end": "2016-04-21T14:00:00", "notes": "", "paid": true, "amount_paid": 130.0, "services": []}}, {"model": "auth.permission", "pk": 1, "fields": {"name": "Can add log entry", "content_type": 1, "codename": "add_logentry"}}, {"model": "auth.permission", "pk": 2, "fields": {"name": "Can change log entry", "content_type": 1, "codename": "change_logentry"}}, {"model": "auth.permission", "pk": 3, "fields": {"name": "Can delete log entry", "content_type": 1, "codename": "delete_logentry"}}, {"model": "auth.permission", "pk": 4, "fields": {"name": "Can add permission", "content_type": 2, "codename": "add_permission"}}, {"model": "auth.permission", "pk": 5, "fields": {"name": "Can change permission", "content_type": 2, "codename": "change_permission"}}, {"model": "auth.permission", "pk": 6, "fields": {"name": "Can delete permission", "content_type": 2, "codename": "delete_permission"}}, {"model": "auth.permission", "pk": 7, "fields": {"name": "Can add group", "content_type": 3, "codename": "add_group"}}, {"model": "auth.permission", "pk": 8, "fields": {"name": "Can change group", "content_type": 3, "codename": "change_group"}}, {"model": "auth.permission", "pk": 9, "fields": {"name": "Can delete group", "content_type": 3, "codename": "delete_group"}}, {"model": "auth.permission", "pk": 10, "fields": {"name": "Can add user", "content_type": 4, "codename": "add_user"}}, {"model": "auth.permission", "pk": 11, "fields": {"name": "Can change user", "content_type": 4, "codename": "change_user"}}, {"model": "auth.permission", "pk": 12, "fields": {"name": "Can delete user", "content_type": 4, "codename": "delete_user"}}, {"model": "auth.permission", "pk": 13, "fields": {"name": "Can add content type", "content_type": 5, "codename": "add_contenttype"}}, {"model": "auth.permission", "pk": 14, "fields": {"name": "Can change content type", "content_type": 5, "codename": "change_contenttype"}}, {"model": "auth.permission", "pk": 15, "fields": {"name": "Can delete content type", "content_type": 5, "codename": "delete_contenttype"}}, {"model": "auth.permission", "pk": 16, "fields": {"name": "Can add session", "content_type": 6, "codename": "add_session"}}, {"model": "auth.permission", "pk": 17, "fields": {"name": "Can change session", "content_type": 6, "codename": "change_session"}}, {"model": "auth.permission", "pk": 18, "fields": {"name": "Can delete session", "content_type": 6, "codename": "delete_session"}}, {"model": "auth.permission", "pk": 19, "fields": {"name": "Can add customer", "content_type": 7, "codename": "add_customer"}}, {"model": "auth.permission", "pk": 20, "fields": {"name": "Can change customer", "content_type": 7, "codename": "change_customer"}}, {"model": "auth.permission", "pk": 21, "fields": {"name": "Can delete customer", "content_type": 7, "codename": "delete_customer"}}, {"model": "auth.permission", "pk": 22, "fields": {"name": "Can add pet", "content_type": 8, "codename": "add_pet"}}, {"model": "auth.permission", "pk": 23, "fields": {"name": "Can change pet", "content_type": 8, "codename": "change_pet"}}, {"model": "auth.permission", "pk": 24, "fields": {"name": "Can delete pet", "content_type": 8, "codename": "delete_pet"}}, {"model": "auth.permission", "pk": 25, "fields": {"name": "Can add pet pictures", "content_type": 9, "codename": "add_petpictures"}}, {"model": "auth.permission", "pk": 26, "fields": {"name": "Can change pet pictures", "content_type": 9, "codename": "change_petpictures"}}, {"model": "auth.permission", "pk": 27, "fields": {"name": "Can delete pet pictures", "content_type": 9, "codename": "delete_petpictures"}}, {"model": "auth.permission", "pk": 28, "fields": {"name": "Can add service", "content_type": 10, "codename": "add_service"}}, {"model": "auth.permission", "pk": 29, "fields": {"name": "Can change service", "content_type": 10, "codename": "change_service"}}, {"model": "auth.permission", "pk": 30, "fields": {"name": "Can delete service", "content_type": 10, "codename": "delete_service"}}, {"model": "auth.permission", "pk": 31, "fields": {"name": "Can add product", "content_type": 11, "codename": "add_product"}}, {"model": "auth.permission", "pk": 32, "fields": {"name": "Can change product", "content_type": 11, "codename": "change_product"}}, {"model": "auth.permission", "pk": 33, "fields": {"name": "Can delete product", "content_type": 11, "codename": "delete_product"}}, {"model": "auth.permission", "pk": 34, "fields": {"name": "Can add appointment", "content_type": 12, "codename": "add_appointment"}}, {"model": "auth.permission", "pk": 35, "fields": {"name": "Can change appointment", "content_type": 12, "codename": "change_appointment"}}, {"model": "auth.permission", "pk": 36, "fields": {"name": "Can delete appointment", "content_type": 12, "codename": "delete_appointment"}}, {"model": "auth.permission", "pk": 37, "fields": {"name": "Can add pet breed", "content_type": 13, "codename": "add_petbreed"}}, {"model": "auth.permission", "pk": 38, "fields": {"name": "Can change pet breed", "content_type": 13, "codename": "change_petbreed"}}, {"model": "auth.permission", "pk": 39, "fields": {"name": "Can delete pet breed", "content_type": 13, "codename": "delete_petbreed"}}, {"model": "auth.user", "pk": 1, "fields": {"password": "pbkdf2_sha256$24000$fuUMjfScgJlc$XNL8z30R0WScHTeWnKW9ElGbHa5P0aE8SKXbuAEu8vI=", "last_login": "2016-04-24T17:02:28.222", "is_superuser": true, "username": "nadir", "first_name": "", "last_name": "", "email": "", "is_staff": true, "is_active": true, "date_joined": "2016-03-31T21:19:18.635", "groups": [], "user_permissions": []}}, {"model": "admin.logentry", "pk": 1, "fields": {"action_time": "2016-04-02T14:03:29.474", "user": 1, "content_type": 7, "object_id": "1", "object_repr": "Mortadelo", "action_flag": 1, "change_message": "A\u00f1adido."}}, {"model": "admin.logentry", "pk": 2, "fields": {"action_time": "2016-04-02T14:03:57.633", "user": 1, "content_type": 7, "object_id": "2", "object_repr": "Filemon", "action_flag": 1, "change_message": "A\u00f1adido."}}, {"model": "admin.logentry", "pk": 3, "fields": {"action_time": "2016-04-02T14:05:12.700", "user": 1, "content_type": 7, "object_id": "3", "object_repr": "Juan", "action_flag": 1, "change_message": "A\u00f1adido."}}, {"model": "admin.logentry", "pk": 4, "fields": {"action_time": "2016-04-02T14:05:41.162", "user": 1, "content_type": 7, "object_id": "4", "object_repr": "Marisa", "action_flag": 1, "change_message": "A\u00f1adido."}}, {"model": "admin.logentry", "pk": 5, "fields": {"action_time": "2016-04-02T14:10:01.581", "user": 1, "content_type": 7, "object_id": "5", "object_repr": "Amador", "action_flag": 1, "change_message": "A\u00f1adido."}}, {"model": "admin.logentry", "pk": 6, "fields": {"action_time": "2016-04-02T14:10:26.209", "user": 1, "content_type": 7, "object_id": "6", "object_repr": "Maite", "action_flag": 1, "change_message": "A\u00f1adido."}}, {"model": "admin.logentry", "pk": 7, "fields": {"action_time": "2016-04-02T14:10:59.160", "user": 1, "content_type": 7, "object_id": "7", "object_repr": "Enrique", "action_flag": 1, "change_message": "A\u00f1adido."}}, {"model": "admin.logentry", "pk": 8, "fields": {"action_time": "2016-04-02T14:13:21.179", "user": 1, "content_type": 7, "object_id": "8", "object_repr": "Antonio", "action_flag": 1, "change_message": "A\u00f1adido."}}, {"model": "admin.logentry", "pk": 9, "fields": {"action_time": "2016-04-02T14:13:37.128", "user": 1, "content_type": 7, "object_id": "9", "object_repr": "Berta", "action_flag": 1, "change_message": "A\u00f1adido."}}, {"model": "admin.logentry", "pk": 10, "fields": {"action_time": "2016-04-02T14:14:11.371", "user": 1, "content_type": 7, "object_id": "10", "object_repr": "Judith", "action_flag": 1, "change_message": "A\u00f1adido."}}, {"model": "admin.logentry", "pk": 11, "fields": {"action_time": "2016-04-02T14:14:39.330", "user": 1, "content_type": 7, "object_id": "11", "object_repr": "Javier", "action_flag": 1, "change_message": "A\u00f1adido."}}, {"model": "admin.logentry", "pk": 12, "fields": {"action_time": "2016-04-02T14:15:18.671", "user": 1, "content_type": 7, "object_id": "12", "object_repr": "Rosario", "action_flag": 1, "change_message": "A\u00f1adido."}}, {"model": "admin.logentry", "pk": 13, "fields": {"action_time": "2016-04-02T14:16:10.318", "user": 1, "content_type": 7, "object_id": "13", "object_repr": "Maxi", "action_flag": 1, "change_message": "A\u00f1adido."}}, {"model": "admin.logentry", "pk": 14, "fields": {"action_time": "2016-04-02T14:19:19.478", "user": 1, "content_type": 8, "object_id": "1", "object_repr": "Crispi - (Mortadelo Ravenclaw)", "action_flag": 1, "change_message": "A\u00f1adido."}}, {"model": "admin.logentry", "pk": 15, "fields": {"action_time": "2016-04-02T14:20:04.241", "user": 1, "content_type": 8, "object_id": "2", "object_repr": "Epi - (Filemon Stark)", "action_flag": 1, "change_message": "A\u00f1adido."}}, {"model": "admin.logentry", "pk": 16, "fields": {"action_time": "2016-04-02T14:20:41.431", "user": 1, "content_type": 8, "object_id": "3", "object_repr": "Groucho - (Juan Cuesta)", "action_flag": 1, "change_message": "A\u00f1adido."}}, {"model": "admin.logentry", "pk": 17, "fields": {"action_time": "2016-04-02T14:21:16.968", "user": 1, "content_type": 8, "object_id": "4", "object_repr": "Indiana - (Marisa Benito)", "action_flag": 1, "change_message": "A\u00f1adido."}}, {"model": "admin.logentry", "pk": 18, "fields": {"action_time": "2016-04-02T14:21:46.365", "user": 1, "content_type": 8, "object_id": "5", "object_repr": "Hache - (Marisa Benito)", "action_flag": 1, "change_message": "A\u00f1adido."}}, {"model": "admin.logentry", "pk": 19, "fields": {"action_time": "2016-04-02T14:22:24.085", "user": 1, "content_type": 8, "object_id": "6", "object_repr": "Gorky - (Amador Rivas Latorre)", "action_flag": 1, "change_message": "A\u00f1adido."}}, {"model": "admin.logentry", "pk": 20, "fields": {"action_time": "2016-04-02T14:22:55.902", "user": 1, "content_type": 8, "object_id": "7", "object_repr": "Popeye - (Maite Figueroa Espinosa)", "action_flag": 1, "change_message": "A\u00f1adido."}}, {"model": "admin.logentry", "pk": 21, "fields": {"action_time": "2016-04-02T14:23:30.548", "user": 1, "content_type": 8, "object_id": "8", "object_repr": "Otto - (Enrique Pastor)", "action_flag": 1, "change_message": "A\u00f1adido."}}, {"model": "admin.logentry", "pk": 22, "fields": {"action_time": "2016-04-02T14:24:17.832", "user": 1, "content_type": 8, "object_id": "9", "object_repr": "Sultan - (Antonio Recio Matamoros)", "action_flag": 1, "change_message": "A\u00f1adido."}}, {"model": "admin.logentry", "pk": 23, "fields": {"action_time": "2016-04-02T14:24:54.382", "user": 1, "content_type": 8, "object_id": "10", "object_repr": "Bernardino - (Berta Escobar)", "action_flag": 1, "change_message": "A\u00f1adido."}}, {"model": "admin.logentry", "pk": 24, "fields": {"action_time": "2016-04-02T14:25:33.903", "user": 1, "content_type": 8, "object_id": "11", "object_repr": "Tartufo - (Judith Becker)", "action_flag": 1, "change_message": "A\u00f1adido."}}, {"model": "admin.logentry", "pk": 25, "fields": {"action_time": "2016-04-02T14:26:05.699", "user": 1, "content_type": 8, "object_id": "12", "object_repr": "Venus - (Judith Becker)", "action_flag": 1, "change_message": "A\u00f1adido."}}, {"model": "admin.logentry", "pk": 26, "fields": {"action_time": "2016-04-02T14:26:41.108", "user": 1, "content_type": 8, "object_id": "13", "object_repr": "Yuma - (Javier Maroto Gutierrez)", "action_flag": 1, "change_message": "A\u00f1adido."}}, {"model": "admin.logentry", "pk": 27, "fields": {"action_time": "2016-04-02T14:27:30.641", "user": 1, "content_type": 8, "object_id": "14", "object_repr": "Tango - (Rosario Parrales Montoya)", "action_flag": 1, "change_message": "A\u00f1adido."}}, {"model": "admin.logentry", "pk": 28, "fields": {"action_time": "2016-04-02T14:28:10.006", "user": 1, "content_type": 8, "object_id": "15", "object_repr": "Waki - (Maxi Angulo)", "action_flag": 1, "change_message": "A\u00f1adido."}}, {"model": "admin.logentry", "pk": 29, "fields": {"action_time": "2016-04-02T14:32:41.003", "user": 1, "content_type": 10, "object_id": "1", "object_repr": "Corte Tijera", "action_flag": 1, "change_message": "A\u00f1adido."}}, {"model": "admin.logentry", "pk": 30, "fields": {"action_time": "2016-04-02T14:33:30.809", "user": 1, "content_type": 10, "object_id": "2", "object_repr": "Corte Maquina", "action_flag": 1, "change_message": "A\u00f1adido."}}, {"model": "admin.logentry", "pk": 31, "fields": {"action_time": "2016-04-02T14:33:38.065", "user": 1, "content_type": 10, "object_id": "3", "object_repr": "Arreglo Raza", "action_flag": 1, "change_message": "A\u00f1adido."}}, {"model": "admin.logentry", "pk": 32, "fields": {"action_time": "2016-04-02T14:34:15.189", "user": 1, "content_type": 10, "object_id": "4", "object_repr": "Ba\u00f1o Relajante", "action_flag": 1, "change_message": "A\u00f1adido."}}, {"model": "admin.logentry", "pk": 33, "fields": {"action_time": "2016-04-02T14:34:20.680", "user": 1, "content_type": 10, "object_id": "5", "object_repr": "Ba\u00f1o Antiparasitario", "action_flag": 1, "change_message": "A\u00f1adido."}}, {"model": "admin.logentry", "pk": 34, "fields": {"action_time": "2016-04-02T14:34:32.907", "user": 1, "content_type": 10, "object_id": "6", "object_repr": "Ba\u00f1o Blanqueador", "action_flag": 1, "change_message": "A\u00f1adido."}}, {"model": "admin.logentry", "pk": 35, "fields": {"action_time": "2016-04-02T14:34:41.210", "user": 1, "content_type": 10, "object_id": "7", "object_repr": "Ba\u00f1o Hidratante", "action_flag": 1, "change_message": "A\u00f1adido."}}, {"model": "admin.logentry", "pk": 36, "fields": {"action_time": "2016-04-02T14:34:46.857", "user": 1, "content_type": 10, "object_id": "8", "object_repr": "Ba\u00f1o Queratina", "action_flag": 1, "change_message": "A\u00f1adido."}}, {"model": "admin.logentry", "pk": 37, "fields": {"action_time": "2016-04-02T14:34:58.094", "user": 1, "content_type": 10, "object_id": "9", "object_repr": "Vaciado de Gl\u00e1ndulas Anales", "action_flag": 1, "change_message": "A\u00f1adido."}}, {"model": "admin.logentry", "pk": 38, "fields": {"action_time": "2016-04-02T14:35:03.845", "user": 1, "content_type": 10, "object_id": "10", "object_repr": "Corte de U\u00f1as", "action_flag": 1, "change_message": "A\u00f1adido."}}, {"model": "admin.logentry", "pk": 39, "fields": {"action_time": "2016-04-02T14:35:13.228", "user": 1, "content_type": 10, "object_id": "11", "object_repr": "Deslanado", "action_flag": 1, "change_message": "A\u00f1adido."}}, {"model": "admin.logentry", "pk": 40, "fields": {"action_time": "2016-04-03T19:49:38.951", "user": 1, "content_type": 8, "object_id": "16", "object_repr": "Tux - (Rosario Parrales Montoya)", "action_flag": 1, "change_message": "A\u00f1adido."}}, {"model": "admin.logentry", "pk": 41, "fields": {"action_time": "2016-04-10T11:41:30.340", "user": 1, "content_type": 8, "object_id": "16", "object_repr": "Tux - (Berta Escobar) - (Rosario Parrales Montoya)", "action_flag": 2, "change_message": "Modificado/a owners."}}, {"model": "admin.logentry", "pk": 42, "fields": {"action_time": "2016-04-10T11:41:35.636", "user": 1, "content_type": 8, "object_id": "15", "object_repr": "Waki - (Antonio Recio Matamoros) - (Maxi Angulo)", "action_flag": 2, "change_message": "Modificado/a owners."}}, {"model": "admin.logentry", "pk": 43, "fields": {"action_time": "2016-04-24T17:05:04.440", "user": 1, "content_type": 8, "object_id": "39", "object_repr": "Cholito - (Achus  Gonzalez)", "action_flag": 3, "change_message": ""}}, {"model": "admin.logentry", "pk": 44, "fields": {"action_time": "2016-04-24T17:05:09.374", "user": 1, "content_type": 8, "object_id": "40", "object_repr": "Culito - (Achus  Gonzalez)", "action_flag": 3, "change_message": ""}}]